ts_utc,pending,running,retryable,scheduled,completed_total,discarded_total,oldest_pending_age_s
2026-05-19T14:02:41Z,0,0,0,0,1,0,0
2026-05-19T14:02:44Z,0,0,0,0,1,0,0
2026-05-19T14:02:47Z,0,0,0,0,1,0,0
2026-05-19T14:02:50Z,0,0,0,0,1,0,0
2026-05-19T14:02:52Z,0,0,0,0,1,0,0
2026-05-19T14:02:55Z,0,0,0,0,1,0,0
2026-05-19T14:02:58Z,0,0,0,0,1,0,0
2026-05-19T14:03:00Z,0,0,0,0,1,0,0
2026-05-19T14:03:03Z,0,0,0,0,1,0,0
2026-05-19T14:03:05Z,0,0,0,0,1,0,0
2026-05-19T14:03:08Z,0,0,0,0,1,0,0
2026-05-19T14:03:11Z,0,0,0,0,1,0,0
2026-05-19T14:03:13Z,0,0,0,0,1,0,0
2026-05-19T14:03:16Z,0,0,0,0,1,0,0
2026-05-19T14:03:18Z,0,0,0,0,1,0,0
2026-05-19T14:03:21Z,0,0,0,0,1,0,0
2026-05-19T14:03:24Z,0,0,0,0,1,0,0
2026-05-19T14:03:26Z,0,0,0,0,1,0,0
2026-05-19T14:03:29Z,0,0,0,0,1,0,0
2026-05-19T14:03:32Z,0,0,0,0,1,0,0
2026-05-19T14:03:34Z,0,0,0,0,1,0,0
2026-05-19T14:03:37Z,0,0,0,0,1,0,0
2026-05-19T14:03:40Z,0,0,0,0,1,0,0
2026-05-19T14:03:42Z,0,0,0,0,1,0,0
2026-05-19T14:03:45Z,0,0,0,0,1,0,0
2026-05-19T14:03:47Z,0,0,0,0,1,0,0
2026-05-19T14:03:50Z,0,0,0,0,1,0,0
2026-05-19T14:03:53Z,0,0,0,0,1,0,0
2026-05-19T14:03:55Z,0,0,0,0,1,0,0
2026-05-19T14:03:58Z,0,0,0,0,1,0,0
2026-05-19T14:04:00Z,0,0,0,0,1,0,0
2026-05-19T14:04:03Z,0,0,0,0,1,0,0
2026-05-19T14:04:06Z,0,0,0,0,1,0,0
2026-05-19T14:04:08Z,0,0,0,0,1,0,0
2026-05-19T14:04:11Z,0,0,0,0,1,0,0
2026-05-19T14:04:14Z,0,0,0,0,1,0,0
2026-05-19T14:04:16Z,0,0,0,0,1,0,0
2026-05-19T14:04:19Z,0,0,0,0,1,0,0
2026-05-19T14:04:22Z,0,0,0,0,1,0,0
2026-05-19T14:04:24Z,0,0,0,0,1,0,0
2026-05-19T14:04:27Z,0,0,0,0,1,0,0
2026-05-19T14:04:30Z,0,0,0,0,1,0,0
2026-05-19T14:04:33Z,0,0,0,0,1,0,0
2026-05-19T14:04:35Z,0,0,0,0,1,0,0
2026-05-19T14:04:38Z,0,0,0,0,1,0,0
2026-05-19T14:04:41Z,0,0,0,0,1,0,0
2026-05-19T14:04:43Z,0,0,0,0,1,0,0
2026-05-19T14:04:46Z,0,0,0,0,1,0,0
2026-05-19T14:04:48Z,0,0,0,0,1,0,0
2026-05-19T14:04:51Z,0,0,0,0,1,0,0
2026-05-19T14:04:54Z,0,0,0,0,1,0,0
2026-05-19T14:04:56Z,0,0,0,0,1,0,0
2026-05-19T14:04:59Z,0,0,0,0,1,0,0
2026-05-19T14:05:01Z,0,0,0,0,1,0,0
2026-05-19T14:05:04Z,0,0,0,0,1,0,0
2026-05-19T14:05:07Z,0,0,0,0,1,0,0
2026-05-19T14:05:09Z,0,0,0,0,1,0,0
2026-05-19T14:05:12Z,0,0,0,0,1,0,0
2026-05-19T14:05:14Z,0,0,0,0,1,0,0
2026-05-19T14:05:17Z,0,0,0,0,1,0,0
2026-05-19T14:05:20Z,0,0,0,0,1,0,0
2026-05-19T14:05:22Z,0,0,0,0,1,0,0
2026-05-19T14:05:25Z,0,0,0,0,1,0,0
